"term","estimate","std.error","statistic","p.value"
"(Intercept)",-138962.981600738,58897.6411684472,-2.35939808189099,0.0333601876729899
"FG_percent",509137.994480225,128779.031343492,3.95357838282075,0.00144158979592193
